,match_cl_id,subject,session_T3,session_OF,cl_name_T3,cl_name_OF,uuid_T3,uuid_OF,match_pair_number,of_cluster_id,of_umap1,of_umap2
0,0,Li,Li_T3i_061218_0001,Li_OF_061318,Li_T3i_061218_0001-tt3_d17.5_cl10,Li_OF_061318-tt3_d17.5_cl1,438,458,0,0,-2.6383383,0.99057233
1,0,Li,Li_T3g_061318,Li_OF_061318,Li_T3g_061318-tt3_d17.5_cl5,Li_OF_061318-tt3_d17.5_cl1,476,458,1,0,-2.6383383,0.99057233
2,1,Li,Li_T3g_061518,Li_OF_062618,Li_T3g_061518-tt3_d17.75_cl1,Li_OF_062618-tt3_d17.75_cl15,563,778,0,1,3.101047,3.9320076
3,1,Li,Li_T3g_061818,Li_OF_062618,Li_T3g_061818-tt3_d17.75_cl7,Li_OF_062618-tt3_d17.75_cl15,614,778,1,1,3.101047,3.9320076
4,2,Li,Li_T3g_061818,Li_OF_061818,Li_T3g_061818-tt3_d17.75_cl6,Li_OF_061818-tt3_d17.75_cl14,613,587,0,2,9.152409,4.8891153
5,2,Li,Li_T3g_061818,Li_OF_062618,Li_T3g_061818-tt3_d17.75_cl6,Li_OF_062618-tt3_d17.75_cl17,613,779,1,2,9.152409,4.8891153
6,3,Li,Li_T3g_071118,Li_OF_071018,Li_T3g_071118-tt3_d18.5_cl7,Li_OF_071018-tt3_d18.5_cl5,1162,1101,0,2,11.181856,5.6483936
7,4,Li,Li_T3i_061218_0001,Li_OF_061318,Li_T3i_061218_0001-tt8_d16.5_cl4,Li_OF_061318-tt8_d16.5_cl0,439,461,0,0,-3.763964,1.9169825
8,5,Li,Li_T3i_061218_0001,Li_OF_061418,Li_T3i_061218_0001-tt8_d16.5_cl5,Li_OF_061418-tt8_d16.5_cl0,440,521,0,0,-4.0314517,3.6300237
9,5,Li,Li_T3g_061318,Li_OF_061418,Li_T3g_061318-tt8_d16.5_cl15,Li_OF_061418-tt8_d16.5_cl0,480,521,1,0,-4.0314517,3.6300237
10,6,Li,Li_T3i_061218_0001,Li_OF_061318,Li_T3i_061218_0001-tt8_d16.5_cl17,Li_OF_061318-tt8_d16.5_cl1,441,462,0,0,-4.4052753,2.2731164
11,6,Li,Li_T3i_061218_0001,Li_OF_061418,Li_T3i_061218_0001-tt8_d16.5_cl17,Li_OF_061418-tt8_d16.5_cl3,441,523,1,0,-4.4052753,2.2731164
12,7,Li,Li_T3g_061418,Li_OF_061318,Li_T3g_061418-tt8_d16.5_cl2,Li_OF_061318-tt8_d16.5_cl5,499,463,0,0,-4.3885427,2.0026548
13,8,Li,Li_T3g_061418,Li_OF_061318,Li_T3g_061418-tt8_d16.5_cl5,Li_OF_061318-tt8_d16.5_cl13,500,464,0,0,-4.1442943,3.9557555
14,9,Li,Li_T3g_061318,Li_OF_061318,Li_T3g_061318-tt8_d16.5_cl5,Li_OF_061318-tt8_d16.5_cl14,478,465,0,0,-4.7829056,3.1925395
15,10,Li,Li_T3g_061318,Li_OF_061418,Li_T3g_061318-tt8_d16.5_cl4,Li_OF_061418-tt8_d16.5_cl2,477,522,0,0,-1.880879,1.2245986
16,11,Li,Li_T3g_061318,Li_OF_061418,Li_T3g_061318-tt8_d16.5_cl6,Li_OF_061418-tt8_d16.5_cl4,479,524,0,0,0.14674242,1.9716395
17,11,Li,Li_T3g_061418,Li_OF_061418,Li_T3g_061418-tt8_d16.5_cl0,Li_OF_061418-tt8_d16.5_cl4,498,524,1,0,0.14674242,1.9716395
18,12,Li,Li_T3g_062518,Li_OF_061518,Li_T3g_062518-tt8_d16.75_cl21,Li_OF_061518-tt8_d16.75_cl14,699,544,0,0,-0.9578107,2.3095553
19,12,Li,Li_T3g_062518,Li_OF_061818,Li_T3g_062518-tt8_d16.75_cl21,Li_OF_061818-tt8_d16.75_cl15,699,593,1,0,-0.9578107,2.3095553
20,13,Li,Li_T3g_062518,Li_OF_061518,Li_T3g_062518-tt8_d16.75_cl22,Li_OF_061518-tt8_d16.75_cl15,700,545,0,0,-1.9277159,2.1013672
21,14,Li,Li_T3g_061818,Li_OF_061518,Li_T3g_061818-tt8_d16.75_cl13,Li_OF_061518-tt8_d16.75_cl19,616,546,0,0,-2.993425,1.6072056
22,15,Li,Li_T3g_061518,Li_OF_061818,Li_T3g_061518-tt8_d16.75_cl2,Li_OF_061818-tt8_d16.75_cl3,564,591,0,0,-1.2817706,1.7093431
23,15,Li,Li_T3g_061518,Li_OF_062518,Li_T3g_061518-tt8_d16.75_cl2,Li_OF_062518-tt8_d16.75_cl17,564,732,1,0,-1.2817706,1.7093431
24,16,Li,Li_T3g_062018,Li_OF_062518,Li_T3g_062018-tt8_d16.75_cl1,Li_OF_062518-tt8_d16.75_cl11,670,729,0,0,-4.0644307,2.1769001
25,16,Li,Li_T3g_062618,Li_OF_062518,Li_T3g_062618-tt8_d16.75_cl21,Li_OF_062518-tt8_d16.75_cl11,748,729,1,0,-4.0644307,2.1769001
26,17,Li,Li_T3g_061518,Li_OF_061818,Li_T3g_061518-tt8_d16.75_cl12,Li_OF_061818-tt8_d16.75_cl12,565,592,0,0,-4.4730425,3.7069886
27,17,Li,Li_T3g_061518,Li_OF_062018,Li_T3g_061518-tt8_d16.75_cl12,Li_OF_062018-tt8_d16.75_cl3,565,643,1,0,-4.4730425,3.7069886
28,17,Li,Li_T3g_062518,Li_OF_061818,Li_T3g_062518-tt8_d16.75_cl18,Li_OF_061818-tt8_d16.75_cl12,698,592,2,0,-4.4730425,3.7069886
29,17,Li,Li_T3g_062518,Li_OF_062018,Li_T3g_062518-tt8_d16.75_cl18,Li_OF_062018-tt8_d16.75_cl3,698,643,3,0,-4.4730425,3.7069886
30,18,Li,Li_T3g_061518,Li_OF_061818,Li_T3g_061518-tt8_d16.75_cl13,Li_OF_061818-tt8_d16.75_cl0,566,589,0,0,-4.534976,3.6977835
31,18,Li,Li_T3g_061818,Li_OF_061818,Li_T3g_061818-tt8_d16.75_cl16,Li_OF_061818-tt8_d16.75_cl0,617,589,1,0,-4.534976,3.6977835
32,19,Li,Li_T3g_061818,Li_OF_062518,Li_T3g_061818-tt8_d16.75_cl17,Li_OF_062518-tt8_d16.75_cl18,618,733,0,0,-4.0144353,3.460524
33,20,Li,Li_T3g_061818,Li_OF_062618,Li_T3g_061818-tt8_d16.75_cl18,Li_OF_062618-tt8_d16.75_cl0,619,780,0,0,-4.373771,3.2608595
34,21,Li,Li_T3g_062018,Li_OF_061818,Li_T3g_062018-tt8_d16.75_cl14,Li_OF_061818-tt8_d16.75_cl1,673,590,0,0,-1.2346705,1.0456629
35,21,Li,Li_T3g_062018,Li_OF_062518,Li_T3g_062018-tt8_d16.75_cl14,Li_OF_062518-tt8_d16.75_cl2,673,728,1,0,-1.2346705,1.0456629
36,22,Li,Li_T3g_062518,Li_OF_062018,Li_T3g_062518-tt8_d16.75_cl14,Li_OF_062018-tt8_d16.75_cl4,697,644,0,0,-2.914655,1.4378177
37,23,Li,Li_T3g_062018,Li_OF_062518,Li_T3g_062018-tt8_d16.75_cl12,Li_OF_062518-tt8_d16.75_cl16,671,731,0,0,-4.2280946,3.2541866
38,24,Li,Li_T3g_062618,Li_OF_062618,Li_T3g_062618-tt8_d16.75_cl0,Li_OF_062618-tt8_d16.75_cl1,746,781,0,1,3.2135527,2.7256186
39,25,Li,Li_T3g_062618,Li_OF_062618,Li_T3g_062618-tt8_d16.75_cl22,Li_OF_062618-tt8_d16.75_cl2,749,782,0,0,-3.8157344,2.2286158
40,26,Li,Li_T3g_062718,Li_OF_062718,Li_T3g_062718-tt8_d17.0_cl0,Li_OF_062718-tt8_d17.0_cl3,800,827,0,0,-3.9863617,1.7690514
41,27,Li,Li_T3g_062718,Li_OF_062818,Li_T3g_062718-tt8_d17.0_cl1,Li_OF_062818-tt8_d17.0_cl4,801,884,0,0,-4.5995374,2.5261185
42,28,Li,Li_T3g_062718,Li_OF_062718,Li_T3g_062718-tt8_d17.0_cl5,Li_OF_062718-tt8_d17.0_cl1,802,826,0,0,-3.4394178,4.092883
43,28,Li,Li_T3g_062818,Li_OF_062718,Li_T3g_062818-tt8_d17.0_cl6,Li_OF_062718-tt8_d17.0_cl1,860,826,1,0,-3.4394178,4.092883
44,29,Li,Li_T3g_062718,Li_OF_062718,Li_T3g_062718-tt8_d17.0_cl15,Li_OF_062718-tt8_d17.0_cl0,803,825,0,0,-2.1038296,1.121986
45,30,Li,Li_T3g_062718,Li_OF_062718,Li_T3g_062718-tt8_d17.0_cl17,Li_OF_062718-tt8_d17.0_cl4,804,828,0,0,-3.725069,3.8740525
46,30,Li,Li_T3g_062718,Li_OF_062818,Li_T3g_062718-tt8_d17.0_cl17,Li_OF_062818-tt8_d17.0_cl0,804,881,1,0,-3.725069,3.8740525
47,30,Li,Li_T3g_062818,Li_OF_062718,Li_T3g_062818-tt8_d17.0_cl5,Li_OF_062718-tt8_d17.0_cl4,859,828,2,0,-3.725069,3.8740525
48,30,Li,Li_T3g_062818,Li_OF_062818,Li_T3g_062818-tt8_d17.0_cl5,Li_OF_062818-tt8_d17.0_cl0,859,881,3,0,-3.725069,3.8740525
49,31,Li,Li_T3g_062718,Li_OF_062718,Li_T3g_062718-tt8_d17.0_cl19,Li_OF_062718-tt8_d17.0_cl11,805,830,0,0,-4.1570764,3.762065
50,32,Li,Li_T3g_062818,Li_OF_062818,Li_T3g_062818-tt8_d17.0_cl0,Li_OF_062818-tt8_d17.0_cl1,857,882,0,0,-4.2046914,3.5310454
51,33,Li,Li_T3g_062818,Li_OF_062818,Li_T3g_062818-tt8_d17.0_cl2,Li_OF_062818-tt8_d17.0_cl2,858,883,0,0,-3.6805797,1.7294948
52,34,Li,Li_T3g_062818,Li_OF_062818,Li_T3g_062818-tt8_d17.0_cl18,Li_OF_062818-tt8_d17.0_cl16,861,886,0,0,-4.08102,3.5781884
53,35,Li,Li_T3g_070518_0001,Li_OF_062918,Li_T3g_070518_0001-tt8_d17.25_cl13,Li_OF_062918-tt8_d17.25_cl0,1019,904,0,0,0.9158632,2.434541
54,35,Li,Li_T3g_070518_0001,Li_OF_070218,Li_T3g_070518_0001-tt8_d17.25_cl13,Li_OF_070218-tt8_d17.25_cl0,1019,955,1,0,0.9158632,2.434541
55,36,Li,Li_T3g_062918,Li_OF_062918,Li_T3g_062918-tt8_d17.25_cl5,Li_OF_062918-tt8_d17.25_cl7,935,908,0,0,0.6094958,2.103654
56,37,Li,Li_T3g_070218,Li_OF_062918,Li_T3g_070218-tt8_d17.25_cl3,Li_OF_062918-tt8_d17.25_cl13,984,909,0,0,-2.3054166,1.2768632
57,38,Li,Li_T3g_062918,Li_OF_062918,Li_T3g_062918-tt8_d17.25_cl13,Li_OF_062918-tt8_d17.25_cl18,937,910,0,0,-0.074574515,1.9502673
58,39,Li,Li_T3g_062918,Li_OF_062918,Li_T3g_062918-tt8_d17.25_cl0,Li_OF_062918-tt8_d17.25_cl5,931,907,0,0,-4.576079,3.4055524
59,39,Li,Li_T3g_062918,Li_OF_070218,Li_T3g_062918-tt8_d17.25_cl0,Li_OF_070218-tt8_d17.25_cl13,931,960,1,0,-4.576079,3.4055524
60,40,Li,Li_T3g_062918,Li_OF_070218,Li_T3g_062918-tt8_d17.25_cl3,Li_OF_070218-tt8_d17.25_cl4,933,957,0,0,-3.1788664,1.663211
61,41,Li,Li_T3g_062918,Li_OF_070218,Li_T3g_062918-tt8_d17.25_cl4,Li_OF_070218-tt8_d17.25_cl11,934,959,0,0,-4.8288164,2.650665
62,41,Li,Li_T3g_070218,Li_OF_070218,Li_T3g_070218-tt8_d17.25_cl16,Li_OF_070218-tt8_d17.25_cl11,987,959,1,0,-4.8288164,2.650665
63,41,Li,Li_T3g_070518_0001,Li_OF_070218,Li_T3g_070518_0001-tt8_d17.25_cl21,Li_OF_070218-tt8_d17.25_cl11,1021,959,2,0,-4.8288164,2.650665
64,42,Li,Li_T3g_070518_0001,Li_OF_070218,Li_T3g_070518_0001-tt8_d17.25_cl14,Li_OF_070218-tt8_d17.25_cl5,1020,958,0,0,-0.20245713,1.8917253
65,43,Li,Li_T3g_070618,Li_OF_070618,Li_T3g_070618-tt8_d17.5_cl12,Li_OF_070618-tt8_d17.5_cl0,1038,1059,0,0,-3.3631945,1.7147816
66,44,Li,Li_T3g_070918,Li_OF_071018,Li_T3g_070918-tt8_d17.5_cl6,Li_OF_071018-tt8_d17.5_cl17,1079,1104,0,0,-4.7393312,3.5854769
67,44,Li,Li_T3g_071018,Li_OF_071018,Li_T3g_071018-tt8_d17.5_cl19,Li_OF_071018-tt8_d17.5_cl17,1134,1104,1,0,-4.7393312,3.5854769
68,45,Li,Li_T3g_071018,Li_OF_071018,Li_T3g_071018-tt8_d17.5_cl15,Li_OF_071018-tt8_d17.5_cl1,1132,1102,0,0,-4.8682737,2.8166916
69,46,Li,Li_T3g_071118,Li_OF_071018,Li_T3g_071118-tt8_d17.5_cl1,Li_OF_071018-tt8_d17.5_cl11,1163,1103,0,0,-3.7831752,1.577595
70,47,Li,Li_T3g_080118,Li_OF_080218,Li_T3g_080118-tt8_d18.25_cl1,Li_OF_080218-tt8_d18.25_cl4,1230,1271,0,0,-4.820049,2.721519
71,48,Li,Li_T3g_080118,Li_OF_080118,Li_T3g_080118-tt8_d18.25_cl11,Li_OF_080118-tt8_d18.25_cl14,1233,1249,0,0,-1.6330333,1.2037897
72,49,Li,Li_T3g_080118,Li_OF_080118,Li_T3g_080118-tt8_d18.25_cl12,Li_OF_080118-tt8_d18.25_cl15,1234,1250,0,0,-0.3067373,1.7382933
73,50,Li,Li_T3i_061218_0001,Li_OF_061418,Li_T3i_061218_0001-tt10_d17.75_cl2,Li_OF_061418-tt10_d17.75_cl7,443,525,0,0,0.83842313,2.117339
74,51,Li,Li_T3g_062018,Li_OF_061818,Li_T3g_062018-tt10_d18.25_cl2,Li_OF_061818-tt10_d18.25_cl7,674,594,0,0,-0.5397736,2.016936
75,52,Li,Li_T3g_070618,Li_OF_070618,Li_T3g_070618-tt10_d19.0_cl7,Li_OF_070618-tt10_d19.0_cl8,1042,1062,0,0,0.75798327,2.3081398
76,52,Li,Li_T3g_071118,Li_OF_070618,Li_T3g_071118-tt10_d19.0_cl6,Li_OF_070618-tt10_d19.0_cl8,1170,1062,1,0,0.75798327,2.3081398
77,53,Li,Li_T3g_071118,Li_OF_071018,Li_T3g_071118-tt10_d19.0_cl8,Li_OF_071018-tt10_d19.0_cl7,1171,1105,0,2,7.525368,4.6266475
78,54,Li,Li_T3g_080118,Li_OF_080118,Li_T3g_080118-tt10_d19.75_cl1,Li_OF_080118-tt10_d19.75_cl13,1235,1252,0,0,0.6615631,2.5560603
79,54,Li,Li_T3g_080118,Li_OF_080218,Li_T3g_080118-tt10_d19.75_cl1,Li_OF_080218-tt10_d19.75_cl13,1235,1278,1,0,0.6615631,2.5560603
80,55,Li,Li_T3g_080118,Li_OF_080218,Li_T3g_080118-tt10_d19.75_cl10,Li_OF_080218-tt10_d19.75_cl11,1236,1277,0,0,-1.4667307,0.9955497
81,56,Li,Li_T3g_061318,Li_OF_061318,Li_T3g_061318-tt14_d17.0_cl17,Li_OF_061318-tt14_d17.0_cl12,481,469,0,2,8.046459,3.7663622
82,56,Li,Li_T3g_061318,Li_OF_061418,Li_T3g_061318-tt14_d17.0_cl17,Li_OF_061418-tt14_d17.0_cl11,481,526,1,2,8.046459,3.7663622
83,56,Li,Li_T3g_061418,Li_OF_061318,Li_T3g_061418-tt14_d17.0_cl16,Li_OF_061318-tt14_d17.0_cl12,502,469,2,2,8.046459,3.7663622
84,56,Li,Li_T3g_061418,Li_OF_061418,Li_T3g_061418-tt14_d17.0_cl16,Li_OF_061418-tt14_d17.0_cl11,502,526,3,2,8.046459,3.7663622
85,57,Li,Li_T3g_061518,Li_OF_061518,Li_T3g_061518-tt14_d17.25_cl7,Li_OF_061518-tt14_d17.25_cl14,567,547,0,0,-0.8870848,1.4601082
86,57,Li,Li_T3g_062518,Li_OF_061518,Li_T3g_062518-tt14_d17.25_cl14,Li_OF_061518-tt14_d17.25_cl14,701,547,1,0,-0.8870848,1.4601082
87,58,Li,Li_T3g_061818,Li_OF_062518,Li_T3g_061818-tt14_d17.25_cl10,Li_OF_062518-tt14_d17.25_cl16,620,739,0,1,2.20573,2.3690414
88,58,Li,Li_T3g_061818,Li_OF_062618,Li_T3g_061818-tt14_d17.25_cl10,Li_OF_062618-tt14_d17.25_cl3,620,787,1,1,2.20573,2.3690414
89,59,Li,Li_T3g_061818,Li_OF_062618,Li_T3g_061818-tt14_d17.25_cl14,Li_OF_062618-tt14_d17.25_cl12,622,789,0,0,-1.3599983,1.3975755
90,60,Li,Li_T3g_062018,Li_OF_062518,Li_T3g_062018-tt14_d17.25_cl10,Li_OF_062518-tt14_d17.25_cl14,675,737,0,0,0.82493776,2.514858
91,60,Li,Li_T3g_062018,Li_OF_062618,Li_T3g_062018-tt14_d17.25_cl10,Li_OF_062618-tt14_d17.25_cl15,675,790,1,0,0.82493776,2.514858
92,61,Li,Li_T3g_061518,Li_OF_062618,Li_T3g_061518-tt14_d17.25_cl21,Li_OF_062618-tt14_d17.25_cl4,569,788,0,0,-2.4669836,3.4949553
93,62,Li,Li_T3g_062018,Li_OF_062518,Li_T3g_062018-tt14_d17.25_cl14,Li_OF_062518-tt14_d17.25_cl13,676,736,0,0,-1.4616508,1.5984094
94,63,Li,Li_T3g_062618,Li_OF_062518,Li_T3g_062618-tt14_d17.25_cl1,Li_OF_062518-tt14_d17.25_cl15,750,738,0,0,-3.4885516,4.0366645
95,64,Li,Li_T3g_062718,Li_OF_062718,Li_T3g_062718-tt14_d17.5_cl7,Li_OF_062718-tt14_d17.5_cl10,806,837,0,1,4.1330724,3.3252645
96,65,Li,Li_T3g_062718,Li_OF_062718,Li_T3g_062718-tt14_d17.5_cl14,Li_OF_062718-tt14_d17.5_cl13,807,838,0,0,-0.91823226,1.5298232
97,66,Li,Li_T3g_070518_0001,Li_OF_070218,Li_T3g_070518_0001-tt14_d17.75_cl10,Li_OF_070218-tt14_d17.75_cl0,1023,962,0,0,-1.8675668,2.3105042
98,67,Li,Li_T3g_071118,Li_OF_070618,Li_T3g_071118-tt14_d18.0_cl17,Li_OF_070618-tt14_d18.0_cl12,1172,1064,0,0,-2.459814,0.9451235
99,68,Ne,NE_T3g_052918,NE_OF_053018,NE_T3g_052918-tt2_d13.0_cl9,NE_OF_053018-tt2_d13.0_cl4,1366,1395,0,0,-2.0431778,1.0032631
100,69,Ne,NE_T3g_053118,NE_OF_053118,NE_T3g_053118-tt2_d13.0_cl0,NE_OF_053118-tt2_d13.0_cl0,1449,1429,0,0,-4.488524,2.3074913
101,70,Ne,Ne_T3g_060118,NE_OF_060818,Ne_T3g_060118-tt2_d13.0_cl1,NE_OF_060818-tt2_d13.0_cl1,1503,1586,0,1,4.299472,3.77478
102,70,Ne,Ne_T3g_060118_0001,NE_OF_060818,Ne_T3g_060118_0001-tt2_d13.0_cl0,NE_OF_060818-tt2_d13.0_cl1,1523,1586,1,1,4.299472,3.77478
103,71,Ne,NE_T3i_060618,NE_OF_060818,NE_T3i_060618-tt2_d13.0_cl13,NE_OF_060818-tt2_d13.0_cl10,1554,1589,0,0,-3.6913455,1.434359
104,71,Ne,NE_T3i_061118,NE_OF_060818,NE_T3i_061118-tt2_d13.0_cl8,NE_OF_060818-tt2_d13.0_cl10,1612,1589,1,0,-3.6913455,1.434359
105,72,Ne,NE_T3i_061118,NE_OF_060718,NE_T3i_061118-tt2_d13.0_cl7,NE_OF_060718-tt2_d13.0_cl9,1611,1560,0,0,-4.6657805,3.0991857
106,72,Ne,NE_T3i_061118,NE_OF_060818,NE_T3i_061118-tt2_d13.0_cl7,NE_OF_060818-tt2_d13.0_cl9,1611,1588,1,0,-4.6657805,3.0991857
107,73,Ne,NE_T3i_061118,NE_OF_061118,NE_T3i_061118-tt2_d13.0_cl12,NE_OF_061118-tt2_d13.0_cl15,1613,1641,0,0,-2.7135668,1.0589511
108,74,Ne,NE_T3g_061218,NE_OF_061218,NE_T3g_061218-tt2_d13.25_cl10,NE_OF_061218-tt2_d13.25_cl17,1652,1667,0,0,-2.9282155,1.1400213
109,74,Ne,NE_T3g_061218,NE_OF_061318,NE_T3g_061218-tt2_d13.25_cl10,NE_OF_061318-tt2_d13.25_cl12,1652,1718,1,0,-2.9282155,1.1400213
110,75,Ne,NE_T3g_061218,NE_OF_061218,NE_T3g_061218-tt2_d13.25_cl14,NE_OF_061218-tt2_d13.25_cl16,1653,1666,0,0,-1.5827445,2.2340298
111,76,Ne,NE_T3g_061518,NE_OF_061518,NE_T3g_061518-tt2_d13.5_cl4,NE_OF_061518-tt2_d13.5_cl6,1789,1797,0,1,2.5488124,2.5033793
112,77,Ne,NE_T3g_061518,NE_OF_061518,NE_T3g_061518-tt2_d13.5_cl9,NE_OF_061518-tt2_d13.5_cl11,1790,1798,0,2,8.36063,3.9164133
113,77,Ne,NE_T3g_061518,NE_OF_061818,NE_T3g_061518-tt2_d13.5_cl9,NE_OF_061818-tt2_d13.5_cl8,1790,1830,1,2,8.36063,3.9164133
114,78,Ne,NE_T3i_061118,NE_OF_060718,NE_T3i_061118-tt7_d11.75_cl15,NE_OF_060718-tt7_d11.75_cl13,1615,1562,0,1,5.5700555,3.538368
115,78,Ne,NE_T3i_061118,NE_OF_060818,NE_T3i_061118-tt7_d11.75_cl15,NE_OF_060818-tt7_d11.75_cl13,1615,1591,1,1,5.5700555,3.538368
116,79,Ne,NE_T3g_061218,NE_OF_061218,NE_T3g_061218-tt7_d12.0_cl14,NE_OF_061218-tt7_d12.0_cl14,1654,1669,0,1,5.1593814,3.0184815
117,79,Ne,NE_T3g_061218,NE_OF_061318,NE_T3g_061218-tt7_d12.0_cl14,NE_OF_061318-tt7_d12.0_cl15,1654,1721,1,1,5.1593814,3.0184815
118,80,Ne,NE_T3g_061318,NE_OF_061318,NE_T3g_061318-tt7_d12.0_cl0,NE_OF_061318-tt7_d12.0_cl0,1698,1720,0,1,6.042097,3.6806822
119,81,Ne,NE_T3i_060618,NE_OF_053018,NE_T3i_060618-tt8_d12.0_cl2,NE_OF_053018-tt8_d12.0_cl0,1555,1399,0,1,3.111653,2.7324352
120,81,Ne,NE_T3i_060618,NE_OF_053118,NE_T3i_060618-tt8_d12.0_cl2,NE_OF_053118-tt8_d12.0_cl4,1555,1432,1,1,3.111653,2.7324352
121,82,Ne,Ne_T3g_060118,NE_OF_053118,Ne_T3g_060118-tt8_d12.0_cl16,NE_OF_053118-tt8_d12.0_cl3,1506,1431,0,0,-1.2473234,1.1419237
122,82,Ne,Ne_T3g_060118,NE_OF_060818,Ne_T3g_060118-tt8_d12.0_cl16,NE_OF_060818-tt8_d12.0_cl4,1506,1592,1,0,-1.2473234,1.1419237
123,83,Ne,NE_T3i_061118,NE_OF_061118,NE_T3i_061118-tt8_d12.0_cl16,NE_OF_061118-tt8_d12.0_cl3,1618,1642,0,1,4.556718,3.7432876
124,84,Ne,NE_T3g_061218,NE_OF_061318,NE_T3g_061218-tt8_d12.25_cl5,NE_OF_061318-tt8_d12.25_cl2,1655,1722,0,1,2.467057,2.7083993
125,84,Ne,NE_T3g_061318,NE_OF_061318,NE_T3g_061318-tt8_d12.25_cl3,NE_OF_061318-tt8_d12.25_cl2,1699,1722,1,1,2.467057,2.7083993
126,85,Ne,NE_T3g_061418,NE_OF_061818,NE_T3g_061418-tt8_d12.5_cl2,NE_OF_061818-tt8_d12.5_cl5,1754,1839,0,1,2.54047,2.406332
127,86,Ne,NE_T3g_061418,NE_OF_061818,NE_T3g_061418-tt8_d12.5_cl3,NE_OF_061818-tt8_d12.5_cl4,1755,1838,0,0,-4.732626,2.585153
128,87,Ne,NE_T3g_053118,NE_OF_053018,NE_T3g_053118-tt11_d12.5_cl17,NE_OF_053018-tt11_d12.5_cl18,1452,1401,0,0,-4.854559,3.2396946
129,88,Ne,Ne_T3g_060118,NE_OF_053118,Ne_T3g_060118-tt11_d12.5_cl8,NE_OF_053118-tt11_d12.5_cl4,1507,1433,0,0,-4.088933,1.8304791
130,88,Ne,Ne_T3g_060118,NE_OF_060118,Ne_T3g_060118-tt11_d12.5_cl8,NE_OF_060118-tt11_d12.5_cl3,1507,1482,1,0,-4.088933,1.8304791
131,89,Ne,Ne_T3g_060118,NE_OF_061118,Ne_T3g_060118-tt11_d12.5_cl12,NE_OF_061118-tt11_d12.5_cl20,1509,1644,0,0,-3.721763,2.0560908
132,90,Ne,NE_T3g_061218,NE_OF_061218,NE_T3g_061218-tt11_d12.75_cl11,NE_OF_061218-tt11_d12.75_cl11,1656,1672,0,0,-3.6243386,4.127227
133,91,Ne,NE_T3g_061818,NE_OF_061818,NE_T3g_061818-tt11_d13.5_cl8,NE_OF_061818-tt11_d13.5_cl18,1819,1841,0,0,-4.7708445,2.8425019
134,92,Ne,NE_T3g_061818,NE_OF_061818,NE_T3g_061818-tt11_d13.5_cl9,NE_OF_061818-tt11_d13.5_cl11,1820,1840,0,1,1.9417135,2.3199298
135,93,Ne,NE_T3i_071018,NE_OF_071118,NE_T3i_071018-tt11_d14.5_cl10,NE_OF_071118-tt11_d14.5_cl9,2001,2021,0,0,-2.798943,3.5455534
136,94,Ne,NE_T3i_071018,NE_OF_071118,NE_T3i_071018-tt11_d14.5_cl18,NE_OF_071118-tt11_d14.5_cl3,2004,2020,0,1,3.9953828,3.72448
137,95,Cl,Cl_T3g_112118_0001,Cl_OF_112118,Cl_T3g_112118_0001-tt2_d12.0_cl23,Cl_OF_112118-tt2_d12.0_cl18,2155,2221,0,2,10.046492,5.207535
138,96,Cl,Cl_T3g_112918,Cl_OF_112918,Cl_T3g_112918-tt2_d12.5_cl20,Cl_OF_112918-tt2_d12.5_cl9,2447,2404,0,2,10.499188,5.219424
139,97,Cl,Cl_T3g_112918,Cl_OF_112918,Cl_T3g_112918-tt2_d12.5_cl19,Cl_OF_112918-tt2_d12.5_cl12,2446,2405,0,1,3.4307334,2.7670083
140,98,Cl,Cl_T3g_112918,Cl_OF_120318,Cl_T3g_112918-tt2_d12.5_cl6,Cl_OF_120318-tt2_d12.5_cl8,2445,2654,0,1,5.2856216,3.0173824
141,99,Cl,Cl_T3g_120118_0001,Cl_OF_120318,Cl_T3g_120118_0001-tt2_d12.5_cl10,Cl_OF_120318-tt2_d12.5_cl7,2562,2653,0,0,-1.240436,2.2948787
142,100,Cl,Cl_T3g_120318,Cl_OF_120318,Cl_T3g_120318-tt2_d12.5_cl15,Cl_OF_120318-tt2_d12.5_cl12,2627,2656,0,0,-2.0411701,2.516413
143,101,Cl,Cl_T3g_120518,Cl_OF_120518,Cl_T3g_120518-tt2_d12.75_cl0,Cl_OF_120518-tt2_d12.75_cl0,2794,2754,0,2,10.183971,4.706516
144,102,Cl,Cl_T3g_120518,Cl_OF_120518,Cl_T3g_120518-tt2_d12.75_cl2,Cl_OF_120518-tt2_d12.75_cl1,2796,2755,0,2,11.69484,5.5033774
145,103,Cl,Cl_T3g_120618,Cl_OF_120618,Cl_T3g_120618-tt2_d12.75_cl2,Cl_OF_120618-tt2_d12.75_cl0,2869,2823,0,2,10.946394,5.7129
146,104,Cl,Cl_T3g_012519,Cl_OF_013019,Cl_T3g_012519-tt2_d16.0_cl12,Cl_OF_013019-tt2_d16.0_cl6,3745,3808,0,2,11.674616,5.3620467
147,105,Cl,Cl_T3g_012519,Cl_OF_013019,Cl_T3g_012519-tt2_d16.0_cl14,Cl_OF_013019-tt2_d16.0_cl11,3746,3809,0,1,4.6893005,2.9417531
148,106,Cl,Cl_T3g_021719,Cl_OF_021519,Cl_T3g_021719-tt2_d17.25_cl15,Cl_OF_021519-tt2_d17.25_cl7,4037,4012,0,1,1.5374639,2.266796
149,107,Cl,Cl_T3g_010619,Cl_OF_010418,Cl_T3g_010619-tt3_d14.75_cl18,Cl_OF_010418-tt3_d14.75_cl27,3432,2128,0,2,10.275598,5.0775986
150,108,Cl,Cl_T3g_011519,Cl_OF_011719,Cl_T3g_011519-tt3_d15.75_cl3,Cl_OF_011719-tt3_d15.75_cl18,3586,3637,0,1,2.531201,3.091883
151,109,Cl,Cl_T3g_123118,Cl_OF_010218,Cl_T3g_123118-tt4_d14.25_cl18,Cl_OF_010218-tt4_d14.25_cl0,3405,2068,0,2,7.7236714,4.335682
152,109,Cl,Cl_T3g_123118,Cl_OF_123118,Cl_T3g_123118-tt4_d14.25_cl18,Cl_OF_123118-tt4_d14.25_cl0,3405,3419,1,2,7.7236714,4.335682
153,110,Cl,Cl_T3g_010318,Cl_OF_010318,Cl_T3g_010318-tt4_d14.25_cl10,Cl_OF_010318-tt4_d14.25_cl18,2095,2105,0,2,9.317919,4.94384
154,111,Cl,Cl_T3g_123118,Cl_OF_123118,Cl_T3g_123118-tt4_d14.25_cl20,Cl_OF_123118-tt4_d14.25_cl10,3406,3422,0,2,11.232063,5.594789
155,111,Cl,Cl_T3g_123118,Cl_OF_010719,Cl_T3g_123118-tt4_d14.25_cl20,Cl_OF_010719-tt4_d14.25_cl10,3406,3462,1,2,11.232063,5.594789
156,112,Cl,Cl_T3g_010619,Cl_OF_010719,Cl_T3g_010619-tt4_d14.25_cl19,Cl_OF_010719-tt4_d14.25_cl2,3436,3460,0,2,8.042059,4.753
157,113,Cl,Cl_T3g_112818,Cl_OF_112318,Cl_T3g_112818-tt4_d12.25_cl4,Cl_OF_112318-tt4_d12.25_cl6,2366,2311,0,1,5.5569224,3.417441
158,114,Cl,Cl_T3g_112918,Cl_OF_112918,Cl_T3g_112918-tt4_d12.5_cl1,Cl_OF_112918-tt4_d12.5_cl0,2448,2406,0,1,3.8702009,3.8403673
159,114,Cl,Cl_T3g_113018,Cl_OF_112918,Cl_T3g_113018-tt4_d12.5_cl18,Cl_OF_112918-tt4_d12.5_cl0,2488,2406,1,1,3.8702009,3.8403673
160,115,Cl,Cl_T3g_112918,Cl_OF_112918,Cl_T3g_112918-tt4_d12.5_cl9,Cl_OF_112918-tt4_d12.5_cl9,2450,2407,0,2,11.107947,5.763845
161,116,Cl,Cl_T3g_120118_0001,Cl_OF_113018,Cl_T3g_120118_0001-tt4_d12.5_cl16,Cl_OF_113018-tt4_d12.5_cl2,2567,2531,0,1,2.596961,3.211623
162,116,Cl,Cl_T3g_120318,Cl_OF_113018,Cl_T3g_120318-tt4_d12.5_cl17,Cl_OF_113018-tt4_d12.5_cl2,2632,2531,1,1,2.596961,3.211623
163,117,Cl,Cl_T3g_120318,Cl_OF_113018,Cl_T3g_120318-tt4_d12.5_cl0,Cl_OF_113018-tt4_d12.5_cl8,2628,2533,0,1,5.4870577,3.3080995
164,117,Cl,Cl_T3g_120318,Cl_OF_120118,Cl_T3g_120318-tt4_d12.5_cl0,Cl_OF_120118-tt4_d12.5_cl1,2628,2601,1,1,5.4870577,3.3080995
165,118,Cl,Cl_T3g_120118_0001,Cl_OF_113018,Cl_T3g_120118_0001-tt4_d12.5_cl17,Cl_OF_113018-tt4_d12.5_cl16,2568,2535,0,1,2.9718542,3.765871
166,119,Cl,Cl_T3g_120318,Cl_OF_120318,Cl_T3g_120318-tt4_d12.5_cl4,Cl_OF_120318-tt4_d12.5_cl3,2629,2657,0,0,0.8607789,2.4507508
167,120,Cl,Cl_T3g_120318,Cl_OF_120318,Cl_T3g_120318-tt4_d12.5_cl11,Cl_OF_120318-tt4_d12.5_cl9,2630,2659,0,0,0.6934027,2.2691605
168,121,Cl,Cl_T3g_120418,Cl_OF_120418,Cl_T3g_120418-tt4_d12.75_cl4,Cl_OF_120418-tt4_d12.75_cl3,2735,2689,0,0,-3.6401353,4.1382284
169,122,Cl,Cl_T3g_120418,Cl_OF_120418,Cl_T3g_120418-tt4_d12.75_cl19,Cl_OF_120418-tt4_d12.75_cl14,2737,2691,0,1,2.7136245,3.576905
170,123,Cl,Cl_T3g_120618,Cl_OF_120518,Cl_T3g_120618-tt4_d12.75_cl16,Cl_OF_120518-tt4_d12.75_cl2,2875,2757,0,0,-2.7935958,3.660129
171,123,Cl,Cl_T3g_120618,Cl_OF_120718,Cl_T3g_120618-tt4_d12.75_cl16,Cl_OF_120718-tt4_d12.75_cl17,2875,2926,1,0,-2.7935958,3.660129
172,124,Cl,Cl_T3g_120518,Cl_OF_120718,Cl_T3g_120518-tt4_d12.75_cl14,Cl_OF_120718-tt4_d12.75_cl12,2805,2925,0,2,8.561301,4.027037
173,125,Cl,Cl_T3g_120718,Cl_OF_120618,Cl_T3g_120718-tt4_d12.75_cl14,Cl_OF_120618-tt4_d12.75_cl11,2902,2825,0,0,-1.2237967,1.3002526
174,125,Cl,Cl_T3g_120718,Cl_OF_120718,Cl_T3g_120718-tt4_d12.75_cl14,Cl_OF_120718-tt4_d12.75_cl11,2902,2924,1,0,-1.2237967,1.3002526
175,126,Cl,Cl_T3g_120918,Cl_OF_120618,Cl_T3g_120918-tt4_d12.75_cl4,Cl_OF_120618-tt4_d12.75_cl19,2988,2826,0,2,8.043879,4.164627
176,127,Cl,Cl_T3g_121118,Cl_OF_121018,Cl_T3g_121118-tt4_d13.0_cl6,Cl_OF_121018-tt4_d13.0_cl3,3051,3022,0,1,2.6054294,3.4476032
177,127,Cl,Cl_T3g_121218_0001,Cl_OF_121018,Cl_T3g_121218_0001-tt4_d13.0_cl5,Cl_OF_121018-tt4_d13.0_cl3,3120,3022,1,1,2.6054294,3.4476032
178,128,Cl,Cl_T3g_121118,Cl_OF_121118,Cl_T3g_121118-tt4_d13.0_cl7,Cl_OF_121118-tt4_d13.0_cl8,3052,3082,0,1,5.797047,3.7650223
179,129,Cl,Cl_T3g_121418_0,Cl_OF_121318,Cl_T3g_121418_0-tt4_d13.25_cl17,Cl_OF_121318-tt4_d13.25_cl5,3170,3136,0,2,10.328848,4.9940424
180,130,Cl,Cl_T3g_122118,Cl_OF_121918,Cl_T3g_122118-tt4_d13.75_cl4,Cl_OF_121918-tt4_d13.75_cl3,3318,3264,0,2,11.794376,5.496939
181,130,Cl,Cl_T3g_122118,Cl_OF_122118,Cl_T3g_122118-tt4_d13.75_cl4,Cl_OF_122118-tt4_d13.75_cl1,3318,3300,1,2,11.794376,5.496939
182,131,Cl,Cl_T3g_122118,Cl_OF_121918,Cl_T3g_122118-tt4_d13.75_cl14,Cl_OF_121918-tt4_d13.75_cl13,3319,3266,0,2,7.702078,4.272347
183,131,Cl,Cl_T3g_122118,Cl_OF_122018,Cl_T3g_122118-tt4_d13.75_cl14,Cl_OF_122018-tt4_d13.75_cl13,3319,3284,1,2,7.702078,4.272347
184,132,Cl,Cl_T3g_122818,Cl_OF_122818,Cl_T3g_122818-tt4_d14.0_cl22,Cl_OF_122818-tt4_d14.0_cl19,3372,3387,0,1,3.916111,2.79296
185,133,Cl,Cl_T3g_122818,Cl_OF_122818,Cl_T3g_122818-tt4_d14.0_cl23,Cl_OF_122818-tt4_d14.0_cl11,3373,3386,0,2,10.750222,5.2525496
186,134,Cl,Cl_T3g_010919,Cl_OF_010919,Cl_T3g_010919-tt4_d14.75_cl5,Cl_OF_010919-tt4_d14.75_cl7,3507,3494,0,2,8.3949,4.396598
187,135,Cl,Cl_T3g_011419,Cl_OF_011419,Cl_T3g_011419-tt4_d15.0_cl10,Cl_OF_011419-tt4_d15.0_cl5,3540,3559,0,2,9.987693,5.26636
188,136,Cl,Cl_T3g_011619,Cl_OF_011619,Cl_T3g_011619-tt4_d15.25_cl18,Cl_OF_011619-tt4_d15.25_cl10,3624,3609,0,1,5.133045,3.6926954
189,137,Cl,Cl_T3g_011519,Cl_OF_011619,Cl_T3g_011519-tt4_d15.25_cl8,Cl_OF_011619-tt4_d15.25_cl7,3587,3608,0,1,3.1385088,3.7274237
190,137,Cl,Cl_T3g_011519,Cl_OF_011719,Cl_T3g_011519-tt4_d15.25_cl8,Cl_OF_011719-tt4_d15.25_cl11,3587,3639,1,1,3.1385088,3.7274237
191,137,Cl,Cl_T3g_011519,Cl_OF_012219,Cl_T3g_011519-tt4_d15.25_cl8,Cl_OF_012219-tt4_d15.25_cl5,3587,3664,2,1,3.1385088,3.7274237
192,138,Cl,Cl_T3g_011519,Cl_OF_012219,Cl_T3g_011519-tt4_d15.25_cl16,Cl_OF_012219-tt4_d15.25_cl9,3590,3665,0,2,10.155878,5.3215322
193,138,Cl,Cl_T3g_011619,Cl_OF_012219,Cl_T3g_011619-tt4_d15.25_cl17,Cl_OF_012219-tt4_d15.25_cl9,3623,3665,1,2,10.155878,5.3215322
194,139,Cl,Cl_T3g_012419,Cl_OF_012319,Cl_T3g_012419-tt4_d15.5_cl20,Cl_OF_012319-tt4_d15.5_cl7,3710,3679,0,2,10.127741,5.269555
195,139,Cl,Cl_T3g_012419,Cl_OF_012419,Cl_T3g_012419-tt4_d15.5_cl20,Cl_OF_012419-tt4_d15.5_cl10,3710,3693,1,2,10.127741,5.269555
196,140,Cl,Cl_T3g_012419,Cl_OF_012419,Cl_T3g_012419-tt4_d15.5_cl7,Cl_OF_012419-tt4_d15.5_cl5,3708,3691,0,2,10.298157,5.0579977
197,141,Cl,Cl_T3g_012419,Cl_OF_012419,Cl_T3g_012419-tt4_d15.5_cl10,Cl_OF_012419-tt4_d15.5_cl8,3709,3692,0,2,10.154001,4.547553
198,142,Cl,Cl_T3g_020419,Cl_OF_013119,Cl_T3g_020419-tt4_d16.0_cl1,Cl_OF_013119-tt4_d16.0_cl3,3839,3824,0,2,7.870285,4.208785
199,143,Cl,Cl_T3g_020419,Cl_OF_020419,Cl_T3g_020419-tt4_d16.0_cl0,Cl_OF_020419-tt4_d16.0_cl0,3838,3844,0,0,-3.5501602,3.9982758
200,144,Cl,Cl_T3g_020419,Cl_OF_020419,Cl_T3g_020419-tt4_d16.0_cl15,Cl_OF_020419-tt4_d16.0_cl8,3840,3845,0,2,8.124257,4.064677
201,145,Cl,Cl_T3g_020719,Cl_OF_020619,Cl_T3g_020719-tt4_d16.25_cl2,Cl_OF_020619-tt4_d16.25_cl5,3891,3868,0,1,5.2805166,3.3007035
202,146,Cl,Cl_T3g_020619,Cl_OF_020719,Cl_T3g_020619-tt4_d16.25_cl6,Cl_OF_020719-tt4_d16.25_cl3,3877,3899,0,1,4.5012755,3.4732566
203,147,Cl,Cl_T3i_021319,Cl_OF_021319,Cl_T3i_021319-tt4_d16.5_cl2,Cl_OF_021319-tt4_d16.5_cl5,3928,3918,0,2,7.9900527,3.7702487
204,148,Cl,Cl_T3i_021319,Cl_OF_021319,Cl_T3i_021319-tt4_d16.5_cl5,Cl_OF_021319-tt4_d16.5_cl9,3930,3919,0,2,9.859597,4.4210844
205,149,Cl,Cl_T3i_021319,Cl_OF_021319,Cl_T3i_021319-tt4_d16.5_cl4,Cl_OF_021319-tt4_d16.5_cl10,3929,3920,0,1,3.5121543,3.7843156
206,150,Cl,Cl_T3g_021419,Cl_OF_021419,Cl_T3g_021419-tt4_d16.75_cl2,Cl_OF_021419-tt4_d16.75_cl3,3944,3962,0,1,4.76666,3.6808496
207,150,Cl,Cl_T3i_021419,Cl_OF_021419,Cl_T3i_021419-tt4_d16.75_cl3,Cl_OF_021419-tt4_d16.75_cl3,3980,3962,1,1,4.76666,3.6808496
208,150,Cl,Cl_T3i_021519,Cl_OF_021419,Cl_T3i_021519-tt4_d16.75_cl4,Cl_OF_021419-tt4_d16.75_cl3,4026,3962,2,1,4.76666,3.6808496
209,151,Cl,Cl_T3g_021419,Cl_OF_021419,Cl_T3g_021419-tt4_d16.75_cl6,Cl_OF_021419-tt4_d16.75_cl8,3946,3963,0,2,10.051618,5.0285506
210,151,Cl,Cl_T3i_021419,Cl_OF_021419,Cl_T3i_021419-tt4_d16.75_cl8,Cl_OF_021419-tt4_d16.75_cl8,3981,3963,1,2,10.051618,5.0285506
211,152,Cl,Cl_T3g_021519,Cl_OF_021519,Cl_T3g_021519-tt4_d16.75_cl5,Cl_OF_021519-tt4_d16.75_cl19,4000,4015,0,2,10.271909,4.8074527
212,152,Cl,Cl_T3g_021719,Cl_OF_021519,Cl_T3g_021719-tt4_d16.75_cl18,Cl_OF_021519-tt4_d16.75_cl19,4040,4015,1,2,10.271909,4.8074527
213,153,Cl,Cl_T3g_021519,Cl_OF_021519,Cl_T3g_021519-tt4_d16.75_cl9,Cl_OF_021519-tt4_d16.75_cl8,4001,4013,0,2,11.7818,5.5577183
214,153,Cl,Cl_T3i_021519,Cl_OF_021519,Cl_T3i_021519-tt4_d16.75_cl6,Cl_OF_021519-tt4_d16.75_cl8,4027,4013,1,2,11.7818,5.5577183
215,154,Cl,Cl_T3g_021719,Cl_OF_021519,Cl_T3g_021719-tt4_d16.75_cl9,Cl_OF_021519-tt4_d16.75_cl9,4039,4014,0,0,0.21125841,2.3057113
216,155,Cl,Cl_T3g_112118_0001,Cl_OF_112118,Cl_T3g_112118_0001-tt7_d12.0_cl5,Cl_OF_112118-tt7_d12.0_cl6,2159,2227,0,1,5.4795485,3.7406077
217,156,Cl,Cl_T3g_112118_0001,Cl_OF_112118,Cl_T3g_112118_0001-tt7_d12.0_cl9,Cl_OF_112118-tt7_d12.0_cl8,2161,2229,0,1,3.914375,3.7861924
218,157,Cl,Cl_T3g_112118_0001,Cl_OF_112118,Cl_T3g_112118_0001-tt7_d12.0_cl20,Cl_OF_112118-tt7_d12.0_cl13,2162,2231,0,2,10.0367365,4.9289455
219,158,Cl,Cl_T3g_112918,Cl_OF_112918,Cl_T3g_112918-tt7_d12.5_cl12,Cl_OF_112918-tt7_d12.5_cl14,2452,2408,0,0,-1.9498737,2.6090171
220,158,Cl,Cl_T3g_113018,Cl_OF_112918,Cl_T3g_113018-tt7_d12.5_cl13,Cl_OF_112918-tt7_d12.5_cl14,2489,2408,1,0,-1.9498737,2.6090171
221,159,Cl,Cl_T3g_112118_0001,Cl_OF_112118,Cl_T3g_112118_0001-tt8_d12.0_cl2,Cl_OF_112118-tt8_d12.0_cl3,2164,2232,0,2,7.566651,4.5605483
222,160,Cl,Cl_T3g_112118_0001,Cl_OF_112118,Cl_T3g_112118_0001-tt8_d12.0_cl3,Cl_OF_112118-tt8_d12.0_cl16,2165,2234,0,0,-3.3406441,3.904239
223,161,Cl,Cl_T3g_112118_0001,Cl_OF_112118,Cl_T3g_112118_0001-tt8_d12.0_cl18,Cl_OF_112118-tt8_d12.0_cl7,2166,2233,0,2,9.037706,4.745187
224,162,Cl,Cl_T3g_010218,Cl_OF_010218,Cl_T3g_010218-tt10_d13.75_cl6,Cl_OF_010218-tt10_d13.75_cl17,2049,2074,0,2,8.997161,4.505184
225,162,Cl,Cl_T3g_123118,Cl_OF_010218,Cl_T3g_123118-tt10_d13.75_cl4,Cl_OF_010218-tt10_d13.75_cl17,3407,2074,1,2,8.997161,4.505184
226,163,Cl,Cl_T3g_010218,Cl_OF_010218,Cl_T3g_010218-tt10_d13.75_cl17,Cl_OF_010218-tt10_d13.75_cl4,2051,2072,0,2,9.269289,4.4063106
227,163,Cl,Cl_T3g_123118,Cl_OF_010218,Cl_T3g_123118-tt10_d13.75_cl23,Cl_OF_010218-tt10_d13.75_cl4,3409,2072,1,2,9.269289,4.4063106
228,164,Cl,Cl_T3g_010318,Cl_OF_010318,Cl_T3g_010318-tt10_d13.75_cl16,Cl_OF_010318-tt10_d13.75_cl16,2096,2106,0,2,11.291242,5.5439863
229,164,Cl,Cl_T3g_010318,Cl_OF_010418,Cl_T3g_010318-tt10_d13.75_cl16,Cl_OF_010418-tt10_d13.75_cl17,2096,2135,1,2,11.291242,5.5439863
230,165,Cl,Cl_T3g_123118,Cl_OF_123118,Cl_T3g_123118-tt10_d13.75_cl21,Cl_OF_123118-tt10_d13.75_cl17,3408,3423,0,2,11.717423,5.7419553
231,166,Cl,Cl_T3g_112318,Cl_OF_112318,Cl_T3g_112318-tt10_d12.25_cl1,Cl_OF_112318-tt10_d12.25_cl0,2278,2318,0,2,8.849916,4.585555
232,167,Cl,Cl_T3g_120118_0001,Cl_OF_120418,Cl_T3g_120118_0001-tt10_d12.5_cl16,Cl_OF_120418-tt10_d12.5_cl4,2570,2695,0,1,2.6346264,3.2881272
233,168,Cl,Cl_T3g_120518,Cl_OF_120518,Cl_T3g_120518-tt10_d12.5_cl12,Cl_OF_120518-tt10_d12.5_cl11,2807,2760,0,1,3.7847264,3.6867316
234,168,Cl,Cl_T3g_120518,Cl_OF_120618,Cl_T3g_120518-tt10_d12.5_cl12,Cl_OF_120618-tt10_d12.5_cl12,2807,2829,1,1,3.7847264,3.6867316
235,169,Cl,Cl_T3g_120518,Cl_OF_120618,Cl_T3g_120518-tt10_d12.5_cl16,Cl_OF_120618-tt10_d12.5_cl4,2808,2827,0,0,-1.328641,1.8007263
236,169,Cl,Cl_T3g_120618,Cl_OF_120618,Cl_T3g_120618-tt10_d12.5_cl7,Cl_OF_120618-tt10_d12.5_cl4,2877,2827,1,0,-1.328641,1.8007263
237,170,Cl,Cl_T3g_120918,Cl_OF_120918,Cl_T3g_120918-tt10_d12.5_cl2,Cl_OF_120918-tt10_d12.5_cl4,2992,2956,0,0,-1.0087482,1.4256353
238,171,Cl,Cl_T3g_120918,Cl_OF_120918,Cl_T3g_120918-tt10_d12.5_cl16,Cl_OF_120918-tt10_d12.5_cl8,2994,2957,0,1,2.4606638,3.0112777
239,172,Cl,Cl_T3g_121218,Cl_OF_121118,Cl_T3g_121218-tt10_d12.75_cl9,Cl_OF_121118-tt10_d12.75_cl8,3106,3084,0,1,4.5588684,3.4544969
240,172,Cl,Cl_T3g_121218,Cl_OF_121318,Cl_T3g_121218-tt10_d12.75_cl9,Cl_OF_121318-tt10_d12.75_cl10,3106,3139,1,1,4.5588684,3.4544969
241,172,Cl,Cl_T3g_121218,Cl_OF_121418,Cl_T3g_121218-tt10_d12.75_cl9,Cl_OF_121418-tt10_d12.75_cl6,3106,3184,2,1,4.5588684,3.4544969
242,172,Cl,Cl_T3g_121218_0001,Cl_OF_121118,Cl_T3g_121218_0001-tt10_d12.75_cl9,Cl_OF_121118-tt10_d12.75_cl8,3125,3084,3,1,4.5588684,3.4544969
243,172,Cl,Cl_T3g_121218_0001,Cl_OF_121318,Cl_T3g_121218_0001-tt10_d12.75_cl9,Cl_OF_121318-tt10_d12.75_cl10,3125,3139,4,1,4.5588684,3.4544969
244,172,Cl,Cl_T3g_121218_0001,Cl_OF_121418,Cl_T3g_121218_0001-tt10_d12.75_cl9,Cl_OF_121418-tt10_d12.75_cl6,3125,3184,5,1,4.5588684,3.4544969
245,173,Cl,Cl_T3g_121418,Cl_OF_121418,Cl_T3g_121418-tt10_d12.75_cl18,Cl_OF_121418-tt10_d12.75_cl11,3161,3185,0,2,11.513194,5.616334
246,174,Cl,Cl_T3g_121418_0,Cl_OF_121418,Cl_T3g_121418_0-tt10_d12.75_cl20,Cl_OF_121418-tt10_d12.75_cl15,3172,3186,0,2,11.488357,5.690472
247,175,Cl,Cl_T3g_121718,Cl_OF_121818,Cl_T3g_121718-tt10_d13.0_cl22,Cl_OF_121818-tt10_d13.0_cl5,3201,3243,0,1,3.4667573,3.5728765
248,175,Cl,Cl_T3g_121818,Cl_OF_121818,Cl_T3g_121818-tt10_d13.0_cl21,Cl_OF_121818-tt10_d13.0_cl5,3233,3243,1,1,3.4667573,3.5728765
249,176,Cl,Cl_T3g_122118,Cl_OF_122118,Cl_T3g_122118-tt10_d13.25_cl19,Cl_OF_122118-tt10_d13.25_cl12,3320,3302,0,2,11.831594,5.512036
250,177,Cl,Cl_T3g_122118,Cl_OF_122118,Cl_T3g_122118-tt10_d13.25_cl23,Cl_OF_122118-tt10_d13.25_cl18,3321,3303,0,1,2.743307,3.1163547
251,178,Cl,Cl_T3g_122218,Cl_OF_122218,Cl_T3g_122218-tt10_d13.5_cl19,Cl_OF_122218-tt10_d13.5_cl13,3336,3351,0,2,10.064559,5.3116984
252,179,Cl,Cl_T3g_122218,Cl_OF_122218,Cl_T3g_122218-tt10_d13.5_cl23,Cl_OF_122218-tt10_d13.5_cl18,3337,3352,0,2,11.300461,5.7173285
253,180,Cl,Cl_T3g_122818,Cl_OF_122818,Cl_T3g_122818-tt10_d13.5_cl19,Cl_OF_122818-tt10_d13.5_cl20,3375,3388,0,0,-1.5631056,1.0924622
254,181,Cl,Cl_T3g_010919,Cl_OF_010919,Cl_T3g_010919-tt10_d14.25_cl8,Cl_OF_010919-tt10_d14.25_cl6,3509,3495,0,2,9.610439,5.1377277
255,182,Cl,Cl_T3g_010919,Cl_OF_010919,Cl_T3g_010919-tt10_d14.25_cl10,Cl_OF_010919-tt10_d14.25_cl15,3510,3496,0,2,7.927323,4.1612573
256,183,Cl,Cl_T3g_011419,Cl_OF_011019,Cl_T3g_011419-tt10_d14.5_cl15,Cl_OF_011019-tt10_d14.5_cl17,3544,3526,0,2,7.6209545,4.486666
257,183,Cl,Cl_T3g_011419,Cl_OF_011419,Cl_T3g_011419-tt10_d14.5_cl15,Cl_OF_011419-tt10_d14.5_cl18,3544,3561,1,2,7.6209545,4.486666
258,184,Cl,Cl_T3g_011519,Cl_OF_011719,Cl_T3g_011519-tt10_d14.75_cl18,Cl_OF_011719-tt10_d14.75_cl11,3593,3643,0,1,4.3967056,2.9784713
259,184,Cl,Cl_T3g_011519,Cl_OF_012219,Cl_T3g_011519-tt10_d14.75_cl18,Cl_OF_012219-tt10_d14.75_cl10,3593,3667,1,1,4.3967056,2.9784713
260,185,Cl,Cl_T3g_011619,Cl_OF_011619,Cl_T3g_011619-tt10_d14.75_cl17,Cl_OF_011619-tt10_d14.75_cl16,3628,3610,0,0,-4.0360937,2.3312292
261,186,Cl,Cl_T3g_011619,Cl_OF_011719,Cl_T3g_011619-tt10_d14.75_cl2,Cl_OF_011719-tt10_d14.75_cl5,3625,3641,0,0,-2.187801,3.216791
262,187,Cl,Cl_T3g_012419,Cl_OF_012319,Cl_T3g_012419-tt10_d15.0_cl9,Cl_OF_012319-tt10_d15.0_cl18,3711,3682,0,1,2.5312238,3.121886
263,188,Cl,Cl_T3g_012419,Cl_OF_012419,Cl_T3g_012419-tt10_d15.0_cl10,Cl_OF_012419-tt10_d15.0_cl18,3712,3694,0,1,5.623879,3.3821
264,189,Cl,Cl_T3g_012519,Cl_OF_012519,Cl_T3g_012519-tt10_d15.25_cl11,Cl_OF_012519-tt10_d15.25_cl12,3750,3734,0,1,4.548775,2.9627004
265,190,Cl,Cl_T3g_012819,Cl_OF_012819,Cl_T3g_012819-tt10_d15.25_cl17,Cl_OF_012819-tt10_d15.25_cl12,3772,3761,0,1,3.390942,3.7335536
266,190,Cl,Cl_T3g_013019,Cl_OF_012819,Cl_T3g_013019-tt10_d15.25_cl12,Cl_OF_012819-tt10_d15.25_cl12,3802,3761,1,1,3.390942,3.7335536
267,191,Cl,Cl_T3g_012919,Cl_OF_013019,Cl_T3g_012919-tt10_d15.25_cl8,Cl_OF_013019-tt10_d15.25_cl6,3786,3812,0,2,8.120207,3.8824215
268,192,Cl,Cl_T3g_112318,Cl_OF_112318,Cl_T3g_112318-tt12_d12.25_cl4,Cl_OF_112318-tt12_d12.25_cl6,2280,2321,0,1,4.2660503,3.1571813
269,193,Cl,Cl_T3g_120318,Cl_OF_112918,Cl_T3g_120318-tt12_d12.5_cl3,Cl_OF_112918-tt12_d12.5_cl0,2633,2413,0,1,3.2949924,3.844592
270,193,Cl,Cl_T3g_120318,Cl_OF_120318,Cl_T3g_120318-tt12_d12.5_cl3,Cl_OF_120318-tt12_d12.5_cl4,2633,2663,1,1,3.2949924,3.844592
271,194,Cl,Cl_T3g_112918,Cl_OF_112918,Cl_T3g_112918-tt12_d12.5_cl12,Cl_OF_112918-tt12_d12.5_cl18,2454,2415,0,0,-2.1698673,1.3532995
272,194,Cl,Cl_T3g_120118_0001,Cl_OF_112918,Cl_T3g_120118_0001-tt12_d12.5_cl13,Cl_OF_112918-tt12_d12.5_cl18,2573,2415,1,0,-2.1698673,1.3532995
273,195,Cl,Cl_T3g_113018,Cl_OF_113018,Cl_T3g_113018-tt12_d12.5_cl4,Cl_OF_113018-tt12_d12.5_cl17,2491,2543,0,2,9.084064,4.7891693
274,195,Cl,Cl_T3g_113018,Cl_OF_120318,Cl_T3g_113018-tt12_d12.5_cl4,Cl_OF_120318-tt12_d12.5_cl5,2491,2664,1,2,9.084064,4.7891693
275,196,Cl,Cl_T3g_113018,Cl_OF_113018,Cl_T3g_113018-tt12_d12.5_cl12,Cl_OF_113018-tt12_d12.5_cl11,2492,2540,0,0,-2.857316,3.7394183
276,197,Cl,Cl_T3g_113018,Cl_OF_113018,Cl_T3g_113018-tt12_d12.5_cl13,Cl_OF_113018-tt12_d12.5_cl15,2493,2542,0,1,5.7453237,3.4420938
277,198,Cl,Cl_T3g_113018,Cl_OF_120118,Cl_T3g_113018-tt12_d12.5_cl16,Cl_OF_120118-tt12_d12.5_cl6,2495,2605,0,1,3.567109,2.6469536
278,198,Cl,Cl_T3g_113018,Cl_OF_120318,Cl_T3g_113018-tt12_d12.5_cl16,Cl_OF_120318-tt12_d12.5_cl7,2495,2666,1,1,3.567109,2.6469536
279,198,Cl,Cl_T3g_120318,Cl_OF_120118,Cl_T3g_120318-tt12_d12.5_cl4,Cl_OF_120118-tt12_d12.5_cl6,2634,2605,2,1,3.567109,2.6469536
280,198,Cl,Cl_T3g_120318,Cl_OF_120318,Cl_T3g_120318-tt12_d12.5_cl4,Cl_OF_120318-tt12_d12.5_cl7,2634,2666,3,1,3.567109,2.6469536
281,199,Cl,Cl_T3g_120118_0001,Cl_OF_120118,Cl_T3g_120118_0001-tt12_d12.5_cl17,Cl_OF_120118-tt12_d12.5_cl5,2574,2604,0,0,-3.0550807,1.5521821
282,199,Cl,Cl_T3g_120118_0001,Cl_OF_120318,Cl_T3g_120118_0001-tt12_d12.5_cl17,Cl_OF_120318-tt12_d12.5_cl6,2574,2665,1,0,-3.0550807,1.5521821
283,200,Cl,Cl_T3g_120418,Cl_OF_120418,Cl_T3g_120418-tt12_d12.75_cl22,Cl_OF_120418-tt12_d12.75_cl8,2741,2696,0,1,3.2856538,3.924574
284,201,Cl,Cl_T3g_120418,Cl_OF_120418,Cl_T3g_120418-tt12_d12.75_cl15,Cl_OF_120418-tt12_d12.75_cl12,2739,2697,0,2,7.836197,4.004926
285,202,Cl,Cl_T3g_120418,Cl_OF_120418,Cl_T3g_120418-tt12_d12.75_cl14,Cl_OF_120418-tt12_d12.75_cl13,2738,2698,0,0,-1.3740728,1.1606079
286,203,Cl,Cl_T3g_120618,Cl_OF_120518,Cl_T3g_120618-tt12_d12.75_cl18,Cl_OF_120518-tt12_d12.75_cl3,2882,2761,0,1,1.616673,2.33202
287,203,Cl,Cl_T3g_120618,Cl_OF_120618,Cl_T3g_120618-tt12_d12.75_cl18,Cl_OF_120618-tt12_d12.75_cl4,2882,2831,1,1,1.616673,2.33202
288,204,Cl,Cl_T3g_120518,Cl_OF_120518,Cl_T3g_120518-tt12_d12.75_cl21,Cl_OF_120518-tt12_d12.75_cl13,2812,2765,0,0,-2.0770662,1.2153863
289,204,Cl,Cl_T3g_120518,Cl_OF_120718,Cl_T3g_120518-tt12_d12.75_cl21,Cl_OF_120718-tt12_d12.75_cl14,2812,2928,1,0,-2.0770662,1.2153863
290,205,Cl,Cl_T3g_120518,Cl_OF_120618,Cl_T3g_120518-tt12_d12.75_cl4,Cl_OF_120618-tt12_d12.75_cl3,2810,2830,0,0,-3.0163152,3.785673
291,206,Cl,Cl_T3g_120518,Cl_OF_120918,Cl_T3g_120518-tt12_d12.75_cl22,Cl_OF_120918-tt12_d12.75_cl4,2813,2961,0,2,9.276004,5.020677
292,207,Cl,Cl_T3g_120918,Cl_OF_120918,Cl_T3g_120918-tt12_d12.75_cl10,Cl_OF_120918-tt12_d12.75_cl8,2996,2962,0,1,1.7441787,2.3285537
293,208,Cl,Cl_T3g_121218,Cl_OF_121018,Cl_T3g_121218-tt12_d13.0_cl12,Cl_OF_121018-tt12_d13.0_cl1,3109,3027,0,1,5.2832837,3.5804503
294,208,Cl,Cl_T3g_121218,Cl_OF_121118,Cl_T3g_121218-tt12_d13.0_cl12,Cl_OF_121118-tt12_d13.0_cl16,3109,3086,1,1,5.2832837,3.5804503
295,209,Cl,Cl_T3g_121118,Cl_OF_121018,Cl_T3g_121118-tt12_d13.0_cl15,Cl_OF_121018-tt12_d13.0_cl11,3059,3029,0,1,3.8972976,3.7776117
296,210,Cl,Cl_T3g_112118_0001,Cl_OF_112118,Cl_T3g_112118_0001-tt14_d12.0_cl9,Cl_OF_112118-tt14_d12.0_cl17,2173,2241,0,2,11.614805,5.7442822
297,211,Al,Al_T3g_101018,Al_OF_101218,Al_T3g_101018-tt12_d16.75_cl17,Al_OF_101218-tt12_d16.75_cl2,4184,4193,0,2,10.527217,5.3742948
298,211,Al,Al_T3g_101018_0002,Al_OF_101218,Al_T3g_101018_0002-tt12_d16.75_cl2,Al_OF_101218-tt12_d16.75_cl2,4188,4193,1,2,10.527217,5.3742948
299,212,Ca,Ca_T3g_030419,Ca_OF_030419,Ca_T3g_030419-tt4_d15.25_cl8,Ca_OF_030419-tt4_d15.25_cl13,4229,4242,0,2,7.8539305,4.3051248
300,213,Ca,Ca_T3g_030519,Ca_OF_030419,Ca_T3g_030519-tt11_d15.25_cl14,Ca_OF_030419-tt11_d15.25_cl13,4259,4245,0,2,8.3023615,4.3074355
301,213,Ca,Ca_T3g_030519,Ca_OF_030519,Ca_T3g_030519-tt11_d15.25_cl14,Ca_OF_030519-tt11_d15.25_cl13,4259,4268,1,2,8.3023615,4.3074355
302,214,Ca,Ca_T3g_030619,Ca_OF_030619,Ca_T3g_030619-tt11_d15.5_cl10,Ca_OF_030619-tt11_d15.5_cl10,4287,4279,0,1,5.213426,3.0091102
303,215,Ca,Ca_T3g_030619,Ca_OF_030619,Ca_T3g_030619-tt11_d15.5_cl12,Ca_OF_030619-tt11_d15.5_cl13,4288,4280,0,1,3.950651,2.8576558
304,215,Ca,Ca_T3g_030719,Ca_OF_030619,Ca_T3g_030719-tt11_d15.5_cl9,Ca_OF_030619-tt11_d15.5_cl13,4296,4280,1,1,3.950651,2.8576558
305,216,Ca,Ca_T3g_031219,Ca_OF_031219,Ca_T3g_031219-tt11_d16.25_cl2,Ca_OF_031219-tt11_d16.25_cl4,4310,4313,0,0,-2.0821323,2.7099283
